cell_name,Camptothecin,Vinblastine,Cisplatin,Cytarabine,Docetaxel,Gefitinib,Navitoclax,Vorinostat,Nilotinib,Olaparib,AZD7762,Afatinib,Staurosporine,PLX-4720,Wee1 Inhibitor,Nutlin-3a (-),PD173074,Alisertib,MK-2206,Palbociclib,Dactolisib,Pictilisib,PD0325901,5-Fluorouracil,Dasatinib,Paclitaxel,Crizotinib,Rapamycin,Sorafenib,Irinotecan,Oxaliplatin,BMS-536924,GSK1904529A,Erlotinib,MK-1775,Gemcitabine,Bortezomib,Tamoxifen,Fulvestrant,EPZ004777,YK-4-279,Talazoparib,Trametinib,Dabrafenib,Temozolomide,Linsitinib,Epirubicin,Cyclophosphamide,Pevonedistat,Sapitinib,Uprosertib,Lapatinib,Luminespib,Alpelisib,Taselisib,EPZ5676,SCH772984,Entinostat,LGK974,AZD4547,Dactinomycin,MG-132,BDP-00009066,Buparlisib,Ulixertinib,Venetoclax,ABT737,Afuresertib,AGI-5198,AZD3759,AZD5363,AZD6738,AZD8186,Osimertinib,Cediranib,Ipatasertib,GDC0810,GNE-317,GSK2578215A,I-BRD9,Telomerase Inhibitor IX,MIRA-1,NVP-ADW742,P22077,Savolitinib,UMI-77,WIKI4,Sepantronium bromide,MIM1,WEHI-539,BPD-00008900,Foretinib,BIBR-1532,Pyridostatin,AMG-319,MK-8776,Vinorelbine,VX-11e,LJI308,AZ6102,GSK591,VE821,AT13148
AU565,0.1874312948,0.3797597955,0.2605162731,0.4691449172,0.08803249256,0.07110353826,0.5582007147,0.2892904177,0.2875494752,0.4523629573,0.3297899397,0.2354831923,0.2576366079,0.6712013837,0.3130889473,0.5163458616,0.5123904827,0.5346279079,0.3641821538,0.1971087115,0.3917578989,0.1857399706,0.6702080365,0.02758311696,0.6397431303,0.01544277292,0.3868003877,0.06258580761,0.5260564799,0.388737188,0.6713561502,0.3275650945,0.1791021146,0.3097213069,0.3389476052,0.08225928018,0.1938348147,0.2482154436,0.503955377,0.3417503475,0.2915104544,0.4134094481,0.7859046866,0.72464294,0.4270127538,0.2085349991,0.3020162831,0.3414282274,0.5307295288,0.05702479583,0.257644565,0,0.3930777523,0.2745557392,0.4192710605,0.2334979741,0.6416857248,0.2003788528,0.2871100206,0.644494884,0.3991539823,0.3320023998,0.1012968246,0.1987375838,0.6374803139,0.6619880669,0.7333454484,0.406082558,0.2824963139,0.4137065474,0.389708819,0.4199662859,0.4416315155,0.04067312665,0.2462219556,0.4468061106,0.2967962274,0.247046202,0.1257102716,0.3123336177,0.6306625705,0.3862016818,0.1694099599,0.4747051479,0.5044641787,0.3977387878,0.3006564776,0.5720278915,0.04278340982,0.6280533347,0,0.1509513355,0.5745118993,0.7485266818,0.2859492922,0.3006467138,0.07441946491,0.5579413151,0.3907073501,0.2336579821,0,0.2227116809,0.03343374489
BT-20,0.2938148983,0.4927201749,0.4481973666,0.6798253346,0.6236005693,0.449047613,0.5773833943,0.8314569464,0.4089903545,0.3845986338,0.4902313572,0.706074423,0.3581732685,0.5637388784,0.3523597216,0.5902218673,0.6782627392,0.5079949286,0.4401440919,0.3005954732,0.4165597304,0.226259321,0.5079177373,0.4390430556,0.6093444512,0.1956990208,0.6577524183,0.6892304199,0.2925439199,0.4831792302,0.5235969617,0.4533494115,0.6922518774,0.4613231107,0.3821703353,0.5777496891,0.4062466818,0.444369901,0.5526548308,0.1152567756,0.1912762626,0.6374581427,0.5488779948,0.7370829004,0.2256791981,0.4482021819,0.5348331969,0.1061195159,0.4842572309,0.3277402552,0.476080688,0.3612887678,0.4322499798,0.142110037,0.1464281156,0.3020015487,0.5853116476,0.595996492,0.1002004806,0.644315355,0.3539552562,0.6205629741,0.298888597,0.2359863933,0.7084113708,0.5354297859,0.6991378521,0.4583592178,0.2744383748,0.4588483303,0.3424057939,0.4157943346,0.6120721707,0.6009819,0.604450181,0.3754447427,0.4189456937,0.3169429586,0.3799589214,0.6101118462,0.6666019119,0.289392776,0.5144708313,0.3144491587,0.4638952546,0.5363900887,0.4341254303,0.4627474211,0.474976492,0.6922794294,0.5396314384,0.3593161918,0.4334066907,0.5583205191,0.5065218386,0.5144828175,0.4309251209,0.5413844189,0.404588977,0.5061792983,0.5137821026,0.5072040587,0.4892181547
BT-474,1,0.4478356112,0.9386836266,0.8859034983,0.3359215871,0.4669284185,0.665133009,0.4852320854,0.5253919055,0.7381555551,0.8151083101,0.3184745593,0.2601050174,0.8159669612,0.4621478505,0.7943654527,0.8240455001,0.8488231675,0.4314824535,0.5798857933,0.7917353228,0.3116728647,0.8884488832,0.8512928302,0.8713738303,0.4330033824,0.7301122135,0.6881208632,0.1968075658,0.905985372,0.8074248425,0.7150940559,0.4270059035,0.5057162596,0.5549216855,0.85942176,0.8041075864,0.7610567652,0.5354018137,0.5327078673,0.376695542,0.8657743801,0.815216132,0.8472044035,0.6824955947,0.7138157184,0.6471996698,0.6779806368,0.6612747812,0.1374992084,0.6399091274,0.1062740989,0.4000333133,0.2232219352,0.3744527646,0.3661906069,0.8064139165,0.2841386537,0.2356903678,0.5891738505,0.635031089,0.8453662359,0.9721345995,0.5892928722,0.8756761179,0.7452946729,0.9323690415,0.4824206549,0.6974833288,0.8616804024,0.5307129615,0.7072940319,0.615030003,0.1793809441,0.5278954667,0.4898605569,0.6120861312,0.6202723959,0.7968076299,0.7291928333,0.9272230764,0.7208899335,0.5301432531,0.3545454846,0.6584804232,0.9966228442,0.5219153833,0.5313102593,0.5588914947,0.9016311459,0.8966214812,0.5247028473,0.605961573,0.9203771027,0.751562861,0.7892671944,0.5524147994,0.7680384285,0.7268242419,0.9074877459,0.6819412136,0.7544168424,0.7944314622
BT-483,0.8250942155,1,0.9686216838,1,0.447495903,1,0.7587330454,0.8533811083,0.7181116949,1,0.5456394497,1,1,1,0.5362086977,0.8085715192,1,0.8494960578,0.9259116578,1,0.9459222596,0.6079434314,1,1,1,1,0.8920355845,1,0.8101672174,0.9547137891,0.701110694,0.8254325839,0.7786852221,1,0.9175630065,1,0.8873125038,0.8844268437,0.5805626381,0.9496125206,1,1,1,0.9199253556,0.9021791385,1,1,1,1,0.7599201627,0.8925538001,0.7318633641,1,0.4749014552,0.6347761581,1,0.9819678969,1,0.8279751697,0.8715955835,1,1,1,0.8152366429,0.9201155031,1,0.9619268277,0.8596728228,1,0.9368574666,0.8778231101,1,0.9801541092,1,0.8961181005,0.8881666045,1,0.6906877594,0.9627120726,0.9269370277,1,1,1,1,0.9940074888,1,0.6366265613,0.03834970908,0.652130569,0.9906598761,1,1,1,0.990947591,0.9381692022,1,1,1,1,1,1,1,1
BT-549,0.4184175914,0.4379777832,0.567320472,0.5882754422,0.2531121198,0.6526855956,0.5215148591,0.9616741292,0.2752997058,0.6114402631,0.1461320437,0.6072844727,0.0489843354,0.6572634533,0.1583943355,0.7210116051,0.3049755926,0.5101527728,0.4096159609,0.3768129731,0.2672429336,0.337352761,0.7431053815,0.3712085409,0.41636935,0.1150597515,0.2078871951,0.4369063588,0.4570489638,0.4829243419,0.6317157212,0.3344680168,0.5068698495,0.7755520432,0.1326172105,0.6099450341,0.2739670006,0.5555825837,0.6383063827,0.6008781307,0.3026596514,0.5161513382,0.717480373,0.7967253945,0.6870070216,0.6830522082,0.3911937351,0.5180997835,0.5409102327,0.7926422889,0.656347402,0.4589365095,0.2878391035,0.5187735755,0.5364167884,0.6217211327,0.7072488779,0.3707852355,0.7076423974,0.8069635498,0.3337017441,0.2359183554,0,0.4192298718,0.9099579744,0.8040092177,0.78741753,0.475653166,0.5088103043,0.6839013309,0.4839254285,0.1874317716,0.5723203099,0.5649105775,0.2249490811,0.5039877202,0.6347917871,0.3928609065,0.2490358144,0.3011583237,0.4732387174,0.6131496013,0.243425845,0.5304215985,0.7601696843,0.2185432672,0.1566890602,0.7345745714,0.3186872649,0.7589858623,0.1072871355,0.2998842826,0.7964709089,0.36911486,0.5330427933,0.3594417598,0.4411062941,0.6060350148,0.5913491845,0.4247142085,0.5432415619,0.4505151758,0.1842974223
CAL-120,0.4286046393,0.5150876184,0.9257810421,0.6186538944,0.3013335019,0.8929144218,0.3295299282,0.7386889127,0.5921344126,0.9617295729,0.5434689906,0.8461033553,0.3679320154,0.9167825362,0.4592807069,0.9460218171,0.7967229642,0.7161094297,0.9640165764,0.658948315,0.1183319981,0.3846922236,0.9045648134,0.8528968922,0.4052684567,0.4338592913,0.6768018326,0.4232476437,0.5776608451,0.5565750233,0.8558589368,0.3289318444,1,0.8392456864,0.3151356718,0.4778704725,0.188769875,1,1,1,0.4595881907,0.6465223203,0.6754401543,0.8571871771,1,0.9211419956,0.4173016267,0.9016607596,0.4045753043,1,0.8391458657,1,0.3721084657,0.8379240443,0.6176702175,0.9013134864,0.9359979717,0.7680886791,1,0.5639738091,0.2609659706,0.2504291552,0.2974703476,0.4118092575,0.9596300737,0.8308292351,0.4390005167,0.5579896846,0.7807187642,0.9377206368,0.5714006345,0.4449191214,0.7778946861,0.9713325255,0.4179328027,0.7222466129,0.7955228957,0.1901160923,0.9926959645,0.8673324289,0.3870913282,0.981505325,0.5383036619,0.4247431153,0.5310281576,0.426778975,0.6633886266,0,0.6607189504,0.2434016074,0.6325047162,0.1201998958,0.6855519962,0.7775177151,1,0.7249320239,0.3854625243,0.6814971557,0.7176501333,0.7316370456,0.7383427759,0.8460534968,0.7033324944
CAL-148,0,0.0473561064,0.02038579284,0,0.007510355898,0.4635068834,0.3849231799,0.2147271845,0.5898060616,0.3997509481,0.3462173978,0.5917233439,0.4194564918,0.6266740203,0.06987837283,0.03652685633,0.7589901562,0.4255151305,0.04966457388,0.242255082,0.1501373383,0.1503074211,0.6608985209,0.01448934715,0.5822729326,0.08935506393,0.1403169767,0,0.178093162,0,0,0.7747722926,0.6234103102,0.4431334362,0.09102401035,0.2236715897,0.6603300779,0.7462620607,0,0,0.04917104477,0,0.7050328685,0.8099553157,0.3723905262,0.6996532188,0.0977801071,0.2909050671,0.7335013667,0.6392447021,0,0.6130601997,0.1278869185,0.1318082018,0.109775595,0.316368824,0.8340985706,0.01529155203,0.5776179367,0.7242056132,0.06834259765,0.4492925748,0.1701655281,0.1840733414,0.6138402579,0.6371566663,0.5597988673,0,0.1489900143,0.5466171619,0,0.06548542616,0.467903483,0.3255606075,0.199480896,0,0.3570228619,0.1378674703,0.1200016244,0.5332062884,0.0965666576,0.07984134267,0.5388497094,0.364150357,0.574494041,0.2584884564,0.403044215,0.4311264985,0.4165816085,0.5463765936,0.4626599826,0.02352745726,0.1701637582,0,0.5476200629,0.4905065393,0.133866836,0.5072968923,0.4508882071,0.121775829,0.2530413732,0.1689677904,0
CAL-51,0.1412181166,0.1119840832,0.1871456691,0.09236107201,0.138036318,0.4201672582,0.5054631742,0.4498446207,0.236594796,0.2288357163,0.2046767705,0.7383650355,0.1791486609,0.6819592496,0.067862849,0.2689315498,0.513319974,0.5089838718,0.5338985984,0.1598570495,0.09782786776,0.2768999367,0.5864482184,0.1451281838,0.4470616958,0.5347579219,0.357726104,0.3009425385,0.08056606883,0.2838741428,0.4145052599,0.09981198931,0.5006193861,0.4524925314,0.0687072448,0,0.228961598,0.389849263,0.4040665372,0.118545511,0.06544002593,0.03814168487,0.5518113655,0.67137057,0.3219848534,0.5360479163,0.1410580082,0.3133733928,0.2689734708,0.5492111823,0.4241426279,0.3891702642,0,0.4136007206,0.3373637773,0.2929805482,0.6324140879,0.4029016883,0.2890957106,0.3900192029,0.0736521401,0.2971420458,0.1154678703,0.07277411668,0.5550531037,0.5885074861,0.796753866,0.3198841442,0.366816467,0.5498747072,0.3480889467,0.003177630803,0.5944798315,0.4760480116,0.175675115,0.3238903132,0.5393995803,0.1046445209,0.3692322679,0.4822652232,0.2128384129,0.4587297426,0.412560637,0.1438308383,0.2974200065,0.1377847799,0.1203339398,0.1101806221,0.1698738624,0.6558060955,0.5567438644,0.1641988086,0.4383972375,0.4915936831,0.611832077,0.4244041898,0.1381668683,0.4580656455,0.3692821966,0.2539498426,0.2621972168,0.04735884572,0.2690390231
CAL-85-1,0.4255662033,0.4717633016,0.525818228,0.6056667328,0.3076702755,0.5334936179,0.5879041175,0.6502835463,0.5523197484,0.4711240556,0.2929206315,0.7147039502,0.2479721368,0.6595524608,0.3652897153,0.7066160733,0.761638156,0.6951921156,0.7296391,0.2382204973,0.3679806174,0.2988735225,0.5084280434,0.417825903,0.4962633077,0.2160070301,0.2124165001,0.8202304698,0.5156299457,0.6050592951,0.4123352227,0.08918810318,0.8294366625,0.6382984615,0.2962425335,0.4576445476,0.1388599607,0.4708554686,0.6574115881,0.6145444112,0.4074251178,0.7308075167,0.4959641303,0.7777061718,0.3405890969,0.367191125,0.5596158985,0.4243948534,0.4495291196,0.3826289784,0.8210117534,0.4925657347,0.1998537171,0.3900794581,0.355515102,0.4790387145,0.5413401036,0.4121929566,0.2895415549,0.8051969729,0.3324993246,0.314651169,0.1335973275,0.3714576825,0.192884443,0.6824199166,0.8600361528,0.568440168,0.5774297992,0.6672118956,0.7660684812,0.2722656815,0.6365121904,0.7432962167,0.322138733,0.5608059686,0.3761683359,0.3207601632,0.5477448273,0.7275146743,0.3834245913,0.3562410522,0.2555276592,0.5538062654,0.5609907136,0.2370443994,0.5131154971,0.5309343118,0.3320836718,0.7455366774,0.5943023242,0.1751567218,0.6169386627,0.7542309025,0.6385497704,0.6971763107,0.6465176329,0.5088721186,0.5213989613,0.595181963,0.543044754,0.5613329779,0.678803478
CAMA-1,0.4919486662,0.4572633817,0.3872482812,0.5186973871,0.2852554871,0.4624831014,0.4773036999,0.3353813704,0.3979949356,0.3367475123,0.5689048113,0.7727360964,0.4438470297,0.6253016728,0.3605695069,0.5351528568,0.5610157142,0.642700624,0.2730285973,0.1996264843,0.191992205,0.217044697,0.7211986357,0.3619585393,0.6292820674,0.2046820842,0.4011807923,0.5378229675,0.2383147571,0.5440858829,0.6499994697,0.7190134064,0.4623410937,0.6021013938,0.4435892224,0.5391705779,0.1573804533,0.2242143368,0.2711145534,0.118907942,0.1941529628,0.5535346211,0.6826050857,0.6957898436,0.1965931154,0.5258395263,0.3525179254,0.2446445152,0.6770350779,0.5610522587,0.3023232168,0.5657543451,0.4404778013,0.5235831771,0.4851317441,0.1570293408,0.698985822,0.3983861893,0.2141623981,0.6554506482,0.2629259309,0.3381008402,0.5708109376,0.3241301358,0.6548994835,0.5594626655,0.7229978662,0.1447868149,0.06084181662,0.5121849369,0.1827265992,0.2872098809,0.2923808296,0.4530759919,0.23452118,0.1729300999,0.02119845117,0.1407279283,0.07080624553,0.2418255311,0.2460446419,0.2992704926,0.3964652428,0.524786887,0.5494273339,0.2214563728,0.3516215165,0.1906043012,0.3257468546,0.7189164863,0.625814712,0.2597015535,0.3066633201,0.4141812235,0.3809267768,0.5458694005,0.2556134056,0.5191163222,0.4574911717,0.490424492,0.5279466241,0.4834119386,0.1839495977
COLO-824,0.5631458891,0.3314731861,0.4635715547,0.4772799988,0.5616181971,0.2188991583,0.1903977547,0.277528087,0.4052172288,0.5937410987,0.3035005777,0.5288826081,0.2858020342,0.7927529715,0.2029360419,0.6168758719,0.4784288545,0.511082463,0.3207592829,0.2467378857,0.3565467334,0.2764578956,0.6442331249,0.5038209652,0.7640104354,0.245029802,0.03113559878,0.6121458066,0.4592449283,0.6951301254,0.6621576486,0.1588391059,0.377673485,0.3212655855,0.2383958704,0.6050524066,0.04711682793,0.0925580969,0.2991494129,0.3000952478,0.2153676742,0.6089187968,0.6627634628,0.7699948937,0.4404958623,0.1243127972,0.5114623908,0.2022581834,0.2375949217,0.638093537,0.4064637222,0.3288453459,0.1626614262,0.3317336528,0.4488397737,0.3194023225,0.6256382426,0.3357418249,0.2891835254,0.3308800604,0.2905307495,0.2199310373,0.3380585166,0.2161142486,0.6335036977,0.1822110734,0.188203571,0.4530454457,0.4941260013,0.5215002088,0.3683339424,0.247563937,0.4509927768,0.3276044474,0.2976971086,0.4028882419,0.3462486433,0.4026701423,0.4963063433,0.1512594934,0.4768686829,0.4399401016,0,0.08272318452,0.3853119642,0.263943604,0.3952528787,0.1156665946,0.1800884304,0.5406591983,0.5699749097,0,0,0.4247413852,0.4057968711,0.6615662543,0.3358335221,0.460651731,0.4662393395,0.3380334443,0.371057448,0.280378081,0.1870122308
DU-4475,0.05021645915,0.2598129718,0.05646768143,0.01989639634,0.003599663361,0.1940885951,0.3627916297,0.1408649051,0,0,0.1891723489,0.5942157905,0,0,0.02028762541,0,0.4426392217,0.3929798224,0.4450259889,0.2407010721,0.3432816721,0.3956223373,0,0,0.4166005502,0.2919012087,0,0.5454312349,0.02600044052,0.123181875,0.1862689042,0.1336232123,0,0.2711217129,0.05838688863,0.02592789582,0.05319185396,0,0.2420245819,0.05608612828,0,0.399694957,0,0,0,0.09414425557,0,0.120544762,0,0.4784714022,0.4550397433,0.2116904151,0.06693855352,0.4669113917,0.6168084919,0,0,0,0.1058335716,0.2397057233,0,0,0.08525298401,0.1745739717,0,0.3660945674,0,0.5406131585,0.07373305602,0.4168980233,0.5308949985,0.07122521935,0.6030641507,0.2806350801,0.1910921777,0.5284609576,0.2842109337,0.379373069,0.1454124298,0.2505760148,0,0.09380800476,0.0293111739,0.1366336418,0,0.1702889339,0.1439829895,0.6149667983,0,0,0.2509174021,0.03178967898,0.2029376173,0.1915747042,0.185168889,0.3619507976,0.3782881324,0,0.01081901285,0.130322214,0.2272615471,0.01062310657,0.3530309005
EFM-19,0.5890584998,0.2221070431,0.7294453363,0.7393254764,0.2193258621,0.6086977137,0.5072714303,0.2868280202,0.5333571298,0.5800693213,0.4495756285,0.6160965726,0.2927577047,0.716965093,0.2789022682,0.6371425022,0.5384383227,0.5600245983,0.264454582,0.2601036007,0.505441991,0.1441108363,0.7688593339,0.3038224018,0.3602634451,0.1586637855,0.454854597,0.7553787737,0.4107171139,0.7566331373,0.4280160788,0.5377152233,0.5657218705,0.6857045299,0.3783554264,0.7302848121,0.2041898819,0.4791561369,0.1687659927,0.3187520674,0.1071207546,0.5654869276,0.7352806628,0.7502491905,0.3747164582,0.7138566236,0.4822749722,0.1300210792,0.6324565118,0.5156506069,0.3920461148,0.5538280905,0.505633581,0.151900464,0.3507755055,0.513790458,0.6864302539,0.7211207257,0.2941561136,0.4780623688,0.4633587936,0.3410479607,0.3550859545,0.215985671,0.726496629,0.6790370413,0.6647544372,0.4018280121,0.324342453,0.569447636,0.4124981981,0.5253128557,0.4168696048,0.4574079132,0.4300412337,0.3256804122,0.06909260549,0.09990176,0.2599462446,0.5442708552,0.2652497405,0.3523271614,0.4340527533,0.3981126693,0.7196594575,0.2827568672,0.6024212074,0.3984544341,0.5111635016,0.457581636,0.8001049968,0.2273762917,0.4951709603,0.4950265766,0.436204723,0.5777770659,0.218854859,0.6208994708,0.5729862528,0.390003847,0.4421513265,0.6571088114,0.3729297871
EFM-192A,0.7421386746,0.8307082879,0.6416301909,0.7548523432,0.7202187334,0.5610021735,0.8168712546,0.5430801923,0.5794117432,0.4439877122,0.7489384799,0.5226270752,0.3698360964,0.8279265267,0.754099332,0.666254631,0.6703431235,0.7180189388,0.4924830927,0.2958406025,0.3297563578,0.2777431875,0.7745246302,0.719980929,0.6747500096,0.6238837509,0.6923186302,0.390844929,0.4836936853,0.7643425795,0.7512623308,0.737842455,0.5189528396,0.3686340024,0.785588095,0.7134680376,0.1241472666,0.5721349333,0.5756669926,0.5618068474,0.3638634073,0.5231458433,0.730462974,0.7972816391,0.4121177019,0.6302869736,0.666363906,0.4645839055,0.659394392,0.204815122,0.504775686,0.2274483618,0.4355951534,0.2867357554,0.3527936351,0.4500340727,0.7755324476,0.2859394423,0.2399307677,0.5348727099,0.4033559019,0.3672360652,0.4607529465,0.161013652,0.839858776,0.666334705,0.6054516956,0.4989524624,0.2978150506,0.5825380821,0.4370807925,0.5434649646,0.5091095153,0.101370658,0.4612013692,0.5013618434,0.4567011629,0.235268475,0.3883740997,0.689674625,0.8525948611,0.5385669234,0.4503073876,0.3500385345,0.4082071136,0.2896352195,0.3103888731,0.4663560677,0.4267996623,0.7113671248,0.7914159397,0.3505647093,0.4575402452,0.666158108,0.6882767786,0.7392006232,0.8195239564,0.6122757707,0.5596741818,0.4296450862,0.5840814672,0.6374408441,0.385764294
EVSA-T,0.4145282428,0.3972178836,0.4158561027,0.416568613,0.1316514811,0.3815956305,0.5194869535,0.3233849178,0.01307369003,0.2138870305,0.2625996446,0.6203839503,0.1097055209,0.5840375252,0.1303004922,0.5253953258,0.5031515445,0.4656838576,0,0.1646223725,0.05387333991,0.1055862544,0.6447164732,0.4339822918,0.5545606291,0.2504168981,0.02319596655,0.4517632663,0.1272774738,0.6110994943,0.3521099468,0.1971106278,0.2190968513,0.2969305435,0.1958850507,0.4736555483,0.06122649799,0.02948029209,0.1512785293,0.1447934383,0.200739523,0.4297095742,0.6329989633,0.6391553526,0.06919946037,0.4022791739,0.3669365488,0.1265005578,0.2460396841,0.4491887291,0.09295163143,0.3273081464,0.21546611,0.4172747393,0.3131865059,0.1994595301,0.7042552111,0.09571112819,0.1669702019,0.3328155802,0.1849129415,0.07355806411,0.2268057954,0.02900883369,0.5242949691,0.5269949648,0.7624606768,0.04530169818,0.05186060621,0.4120932251,0.04682642118,0.4350128418,0,0.5204581161,0.1646956344,0.1040129283,0.2112793927,0.08102225709,0.1711632866,0.1384083714,0.32105306,0.191613656,0.1019016177,0.04723949697,0.197365956,0.226832826,0.3103613691,0.5221181961,0.01748186508,0.6320990957,0.2434728548,0.09402444626,0.2894072928,0.3730358519,0,0.4425548113,0.4142331105,0.4747291798,0.2766085934,0.1694705519,0.2962072887,0.4532863156,0.2061704064
HCC1143,0.7314342602,0.8573884872,0.8298679297,0.7401183696,0.463949507,0.3806319325,0.5290934245,0.5372334981,0.7372570338,0.6268334284,0.1113349776,0.6073697099,0.3168997741,0.6389175684,0.2426575376,0.7528105842,0.7487611511,0.5619701648,0.6427819589,0.4748288821,0.1847770447,0.2699300336,0.4680781068,0.530553104,0.3836992888,0.3511616244,0.3132973099,0.5849663294,0.8570835271,0.545906294,0.6735987227,0,0.7762266843,0.3447772743,0.1880314699,0.5955131064,0.4519829463,0.3654665623,0.6740289306,0.5183366678,0.2924124611,0.5376955661,0.5056114083,0.8185406171,0.5804554246,0.3152664657,0.6758522971,0.4728561978,0.7325721942,0.3273437084,0.7215565018,0.3478655857,0.3656962564,0.3628501082,0.4486381405,0.5580023398,0.5999382095,0.3630973888,0.4471856648,0.7513430596,0.3765304524,0.4558389889,0.3317374822,0.1781664587,0.681057896,0.7439227815,0.5862750801,0.5936799901,0.3496557283,0.3987799869,0.5852252778,0.09804262728,0.462541429,0.3785746708,0.5386770193,0.5175475855,0.6118032601,0.2796289211,0.4173049376,0.9023460192,0.5967507461,0.7725386213,0.07197807005,0.4308536602,0.5049442742,0.3437270566,0.05502310241,0.7257354615,0.2304011807,0.3895839029,0.4778450583,0.1792868937,0.5910069674,0.4064575815,0.4869696972,0.4845419825,0.5983110502,0.6351373176,0.425805182,0.4375242512,0.657468767,0.03466000986,0.5224874568
HCC1187,0.7791996593,0.7238296157,0.4454041817,0.6690642466,0.0956037524,0.4942172691,0.7613407771,0.7771020793,0.7430163791,0.574697946,0.4617485588,0.7271758618,0.3688937005,0.7656176028,0.6940272202,0.5227071075,0.6192115932,0.4823023029,0.5313380265,0.331534873,1,0.3975186365,0.7644996456,0.6897224264,0.7161349364,0.040370715,0.4166830453,0.7520934895,0.335942469,0.7418326094,0.351539222,0.6586823008,0.382298569,0.4256541605,0.4348749609,0.8609359705,0.09625992609,0.6500143807,0.6217062149,0.4429132644,0.3655437211,0.7133058112,0.7268757832,0.7006242259,0.2950050977,0.3626237887,0.8265368068,0.2781093384,0.5481809327,0.6788819629,0.8567044686,0.7581380423,0.8715458593,0.5733520816,0.6610583661,0.2688602962,0.840051039,0.5103091494,0.2604862033,0.3752814385,0.3511687365,0.251310211,0.2163696419,0.4696840041,0.7601283005,0.5761755398,0.7270516537,0.5860958137,0.2207811733,0.5345959473,0.5912616651,0.5552418723,0.5523263702,0.5006810365,0.6307637468,0.5702726896,0.340913826,0.7749517705,0.3240884606,0.4796860941,0.71194526,0.3809224682,0.4354351684,0.3857198953,0.06945144872,0.1881640394,0.2840432113,0.6789311125,0.3078629025,0.6391453657,0.4503363345,0.05118108018,0.4168415428,0.6921491038,0.576327046,0.6561481851,0.004208337149,0.5518910317,0.4122037225,0.5511359114,0.5707356736,0.5645411729,0.1974277696
HCC1395,0.2882762621,0.09583724898,0.256638854,0.6643852953,0.1151705016,0.5196520191,0.7060605414,0.7657959921,0.4267069191,0.2514353027,0.02774977569,0.6006302496,0.0638390368,0.5841278405,0.08884177044,0.5408087719,0.2023342025,0.5410415278,0.3164978892,0.2051226992,0.4349351954,0.2222788074,0.6733308829,0.5463080598,0.4090055203,0.3247397483,0.2205884633,0.5450975374,0.3580937258,0.393221712,0.4849500311,0.1380279397,0.3026351324,0.5248099693,0.09861876204,0.6967064614,0.3055807692,0.04453464874,0.1204406598,0.2520575869,0.229024847,0.3674838484,0.6197130429,0.7908334087,0.4118299435,0.4512928936,0.6440321488,0.3817542801,0.5789833484,0.5832865383,0.415936376,0.3680312298,0.5279127145,0.4327205778,0.489187987,0.3807207031,0.6533585987,0.441079299,0.3419628143,0.2531747484,0.3376207292,0.5940295055,0.09520193679,0.1454713942,0.5975671504,0.5969306801,0.7898135501,0.3360271972,0.185322508,0.5703345365,0.3790085297,0.1085628982,0.4151319176,0.5904285523,0.0563428477,0.3580055097,0.6096479634,0.4758346755,0.5376640915,0.4995158305,0.5287744611,0.4302062264,0.1198072595,0.6255421248,0.5809125972,0.5897600896,0.286493298,0.7336636462,0.3606291831,0.8545542484,0.1629587983,0.09497392258,0.4859786423,0.5080738796,0.09221228859,0.06618077416,0.2716686106,0.5113816406,0.557689859,0.6099385304,0.3259642356,0.09437580282,0.2867297523
HCC1419,0.6711320668,0.5926200156,0.4562757449,0.6981873833,0.7870715479,0.2704022557,0.5586322003,0.556891266,0.2443099403,0.4919274111,0.8398558238,0.5991703006,0.5023546637,0.7267023598,0.4333561274,0.541194132,0.5565174732,0.7832830342,0.4744569085,0.3216523844,0.6249874577,0.3898033881,0.7179174479,0.6395016883,0.7112606441,0.8951529255,0.7318460836,0.7997607005,0.2538430526,0.575458623,0.6646410018,0.4354648854,0.351608096,0.3850076379,0.535007639,0.7241952339,0.4146957472,0.2848530937,0.3660409108,0.4604211007,0.6741308268,0.6658713742,0.703204062,0.8002188489,0.3590944378,0.4545386237,0.6066591118,0,0.5050860425,0.2145336061,0.646910593,0.2683903374,0.3287979294,0.5109709529,0.6267183364,0.3410714004,0.6564553735,0.4990421812,0.239072134,0.3268057093,0.8030454016,0.5246511017,0.4863435553,0.5748161175,0.5644607276,0.6129415969,0.8002207808,0.5324681453,0,0.4705426124,0.4555840885,0.5091102471,0.6178445046,0.1790713009,0.6553880739,0.3517469572,0.1461403947,0.7756863097,0.3728170722,0.434544573,0.4485479675,0.369928355,0.3990179435,0.1749354727,0.3306703483,0.4229458856,0.449953415,0.9336740338,0.5807350093,0.7832533827,0.5893440172,0.5560755029,0.2944038772,0.3642473795,0.5097165645,0.422934003,0.766714663,0.6554055081,0.4639273699,0.6606974076,0.4525426355,0.5516959518,0.5719548332
HCC1428,0.8964638535,0.6194664054,1,0.9180434969,1,0.6941284098,0.4666029434,0.2019822477,0.327656097,0.8033375977,0.635320747,0.6811135524,0.370770415,0.8678939615,0.409159699,1,0.7840885687,0.7255910161,1,0.6005196941,0.9288892138,1,0.9465234203,0.9566398761,0.7866366545,0.884616666,0.3996082525,0.999989662,0.5274660595,0.8560487615,0.9244681975,0.6698535475,0.7743688392,0.8999782059,0.5037188244,0.9970776224,0.7188904862,0.6654427626,0.4496784588,0.8443876113,0.7042953834,0.947795156,0.8401383019,1,0.914668861,0.8845896112,0.8605678811,0.8375108651,0.5479245235,0.8705727081,1,0.5316487151,0.6976783321,1,1,0.5152520157,0.8962257801,0.2907432135,0.491894952,0.80266515,0.5117555521,0.8544660596,0.2656878237,1,0.9671162275,0.8274823247,0.6296650842,1,0.8932564613,1,1,0.8934979683,1,0.9717205532,0.585565954,1,0.7570431611,1,1,0.7644756656,0.8422916886,0.89994855,0.2931970768,0.3359517558,0.695492532,0.8230130405,0.8207181676,0.3467040749,1,0.9449720578,0.511852024,0.2962254686,0.872583216,1,0.8379169891,0.7905011407,0.6694720239,0.7872406781,0.8656513019,0.7060546843,0.9058359081,0.8769490156,0.8345656966
HCC1500,0.4367485507,0.2921182349,0.5589293276,0.7099434358,0.7376733734,0.5081278198,0.09809580676,0.5204571942,0.3934897433,0.4365894066,0.6845118877,0.5300904472,0.5018590529,0.7254318373,0.3285535151,0.234918084,0.5527760444,0.8183669927,0.8821186548,0.4524093302,0.730837113,0.5663203879,0.746338802,0.4807647042,0.6125202711,0.6590052056,0.5921918433,0.7159431613,0.2448966916,0.5939377011,0.6720185261,0.4141329785,0.7238778522,0.495229013,0.3936631475,0.5812215253,0.08072196364,0.1941270685,0.2007158787,0.4800990024,0.5403512091,0.713370523,0.636485001,0.8372991332,0.1635084766,0.7405355841,0.4172893874,0.1660392959,0.5066807683,0.7338512874,0.8950438479,0.6107546544,0.4659931743,0.6291188452,0.7183405977,0.2945182486,0.6349806326,0.2126752681,0.2737563949,0.5057186801,0.3670689873,0.2195550739,0.3757690864,0.6735969617,0.8793749226,0,0.09384969784,0.6968676906,0.1196711035,0.419939264,0.6316087311,0.5414807547,0.7945683253,0.6110722434,0.2854567891,0.4987549429,0.3182446098,0.8580224322,0.4891089755,0.542001063,0.561267463,0.3871073884,0.1235048018,0.2838813135,0.3360903157,0.4428112899,0.5846462987,0.9792077508,0.5933707111,0.6259704099,0.5973196628,0.1222487948,0.4228172922,0.3763098105,0.4037095776,0.4060261339,0.4774793837,0.5477055941,0.4007745412,0.1035473965,0.3430311723,0.5563954663,0.3093412269
HCC1569,0.581174485,0.3196976291,0.5339106449,0.4203547543,0.7023234985,0.3847341048,0.1923650256,0.4055139352,0.421571391,0.6383914896,0,0.6069595814,0.1619100607,0.5153078703,0.1648209864,0.4751729332,0.3499575434,0.5135342638,0.3659602982,0.1540483419,0.4399557865,0.2272934199,0.7219736956,0.3426157436,0.4499315575,0.4342826758,0.1096125489,0.6051257289,0.3508718651,0.6635973927,0.6544067114,0.2251333825,0.3564497719,0.4027413006,0.3345506346,0.6352073285,0.05919644308,0.3319125702,0.1360419992,0.2356577843,0.2019412121,0.399694957,0.604272596,0.7556660539,0.3040254274,0.5170315684,0.3748675923,0.2997620107,0.3927367698,0.4093050308,0.222796313,0.4545167432,0.3041326643,0.2604850962,0.3341470561,0.2382535439,0.5733437675,0.541647497,0.3016062344,0.5672772798,0.5425247253,0.2014023455,0.223603206,0.2765305931,0.5193116487,0.600022584,0.6237844524,0.5074439061,0.2607764121,0.4915372128,0.4891752818,0.2682897198,0.5548312181,0.4540250467,0.2812668804,0.5374625896,0.4121656662,0.3836590263,0.2923027129,0.3902068555,0.415044921,0.2815464057,0.228593992,0.4024757061,0.4155161326,0.3687566618,0.3221723871,0.4934851706,0.2363492823,0.6380471587,0.3317051716,0.1222487948,0.4228172922,0.3763098105,0.4037095776,0.4060261339,0.3575390581,0.4662281997,0.3497725224,0.3570461107,0.3635273576,0.3103173081,0.3812073935
HCC1599,0.1914998532,0.3196976291,0.1764608515,0.4203547543,0.2344040893,0.3847341048,0.6584326011,0.1060506273,0.6236502152,0.505526137,0.101988938,0.6737832605,0.141580855,0.6165113778,0,0.6612397514,0.6887023022,0.709546413,0.3563164023,0.4809190332,0.4399557865,0.186707408,0.5863169891,0.4898750479,0.4499315575,0.3006821621,0.1924050366,0.6051257289,0.4275229698,0.4074261111,0.5019922533,0.2251333825,0.5343591516,0.4027413006,0,0.04859656484,0.3165413836,0.5385132425,0.351454333,0.371085842,0.2019412121,0.399694957,0.7942086231,0.9176095294,0.5122387945,0,0.3748675923,0.2997620107,0.3927367698,0.4170295476,0.4757892433,0.3500108049,0.3116629648,0.1888606519,0.2908955148,0.3706812981,0.9051831651,0.04000815982,0.6319868529,0.5672772798,0.2930745143,0.4380085731,0.223603206,0.2765305931,0.8622742549,0.684514359,0.6237844524,0.5074439061,0.2607764121,0.4915372128,0.4891752818,0.2682897198,0.5548312181,0.4540250467,0.2812668804,0.5374625896,0.4121656662,0.3836590263,0.2923027129,0.3902068555,0.415044921,0.2815464057,0.228593992,0.4024757061,0.4155161326,0.3687566618,0.3221723871,0.4934851706,0.2363492823,0.6380471587,0.3317051716,0.2248487367,0.4763069781,0.3286711913,0.5303144252,0,0.3575390581,0.4662281997,0.3497725224,0.3570461107,0.3635273576,0.3103173081,0.3812073935
HCC1937,0.5957348812,0.8257226888,0.5414720448,0.8648024358,0.8305541045,0.3554402335,0.5125796614,0.7719843395,0.5990920083,0.6850568677,0.2833189124,0.666851549,0.2919256186,0.700665339,0.46945299,0.6732277745,0.6327250259,0.6042859629,0.4942303356,0.5549109634,0.776416654,0.3271232132,0.7154734647,0.4852260747,0.5242498696,0.6088360582,0.4871120442,0.6246747975,0.6981993824,0.7079250549,0.7763642698,0.3723796837,0.6418387967,0.3699623644,0.4185590039,0.7736273484,0.1292529966,0.450335172,0.7212823905,0.566955601,0.6301455393,0.6314783126,0.6224543976,0.8533112575,0.6469303595,0.7070554778,0.5944575984,0.5647386241,0.5771129869,0.4302687882,0.5946190041,0.4231234446,0.3378551535,0.5028255058,0.4830142252,0.4934852453,0.7017197197,0.523010715,0.3112895595,0.6749570972,0.417228733,0.2650091094,0.5374750394,0.5818453643,0.7758662734,0.6141276528,0.6280678919,0.5242362251,0.2580286138,0.5391540523,0.5541500302,0.4044560977,0.5312950398,0.4116599163,0.2646507581,0.5112513146,0.4684794299,0.5848133468,0.7685417298,0.722937326,0.5853337922,0.6802101281,0.4162781915,0.2118384699,0.3967462097,0.3526805777,0.2449113934,0.4744169114,0.2547031466,0.5691930158,0.7189345018,0.2268089095,0.5931701702,0.5634519362,0.6101668732,0.2732029044,0.5166362221,0.5605515264,0.5513609798,0.404607445,0.6309206438,0.419973502,0.703261571
HCC1954,0.5379802081,0.3402605549,0.5974008739,0.7540359013,0.07916530755,0.4712848764,0.765926454,0.861959852,0.5310991014,0.3638946044,0.242279552,0.6261588551,0.3457358603,0.5533180803,0.4091632578,0.5974416577,0.622268287,0.7333717434,0.4446206978,0.4475470161,0.5981606309,0.25521815,0.718969369,0.494447844,0.5858107186,0.2730308198,0.4254555476,0.4391385217,0.3554648026,0.7494711996,0.648961586,0.5149602177,0.5143438381,0.4032325733,0.3562112136,0.7611874364,0.1744396428,0.3074575453,0.5780708438,0.379311546,0.2275480751,0.6076522607,0.5887518565,0.8313119268,0.3756201204,0.5226489217,0.6189438522,0.3646649862,0.1519504459,0.3547502268,0.3888369437,0.3314893291,0.5885425857,0.1887926401,0.1306646696,0.4207162399,0.6725343738,0.4097586724,0.08726701198,0.5118956087,0.3213389015,0.3787569055,0.1137592898,0.202130289,0.6823058271,0.5427724541,0.6621017545,0.4355434836,0.1192346938,0.4082808335,0.3589771956,0.3613099448,0.5720514732,0.3829994201,0.4394380522,0.4441638345,0.4613275672,0.2942316711,0.3861513,0.7435290991,0.8347840707,0.4420462207,0.347259356,0.4971932761,0.2445268381,0.5613282844,0.2112583455,0.4731647712,0.2724827324,0.6087105176,0.3013269954,0.2460862584,0.4581882142,0.6321645569,0.525639798,0.6319751548,0.1879568491,0.457415351,0.443173598,0.4769776988,0.3352402394,0.499960253,0.2148939736
HCC202,0.2980726943,0.3196976291,0.5107786801,0.4203547543,0.3305676586,0.3847341048,0.5552176202,0.3818092704,0.5562086411,0.3475149705,0.2851112588,0.5991703006,0.329196492,0.6165113778,0.300362646,0.5997527239,0.7299026449,0.4105621821,0.3496654254,0.4443793567,0.4399557865,0.2324284968,0.5863169891,0.5724987734,0.4499315575,0.386173215,0.3324583419,0.6051257289,0.3728359106,0.4074261111,0.5019922533,0.2251333825,0.5343591516,0.4027413006,0.1578009582,0.2860436685,0.4004260814,0.2943855427,0.4276582411,0.371085842,0.2019412121,0.399694957,0.5533531451,0.689466758,0.04793301031,0.4047887477,0.3748675923,0.2997620107,0.3927367698,0.5237170509,0.6127707983,0.4656789863,0.3704028733,0.4484549708,0.4761799721,0.3706812981,0.6012754532,0.4265275948,0.3730143454,0.5672772798,0.2930745143,0.3287509182,0.223603206,0.2765305931,0.5193116487,0.5261005141,0.6237844524,0.5074439061,0.2607764121,0.4915372128,0.4891752818,0.2682897198,0.5548312181,0.4540250467,0.2812668804,0.5374625896,0.4121656662,0.3836590263,0.2923027129,0.3902068555,0.415044921,0.2815464057,0.228593992,0.4024757061,0.4155161326,0.3687566618,0.3221723871,0.4934851706,0.2363492823,0.6380471587,0.3317051716,0.1222487948,0.4228172922,0.3763098105,0.4037095776,0.4060261339,0.3575390581,0.4662281997,0.3497725224,0.3570461107,0.3635273576,0.3103173081,0.3812073935
HCC2157,0.3587440274,0.2290580006,0.5607629928,0.7600921214,0.09456419444,0.01912537847,0.3422637624,0,0.4186648536,0.6280088211,0.4453573688,0.4903692378,0.371261083,0.6481296201,0.4081482893,0.6269960545,0.6991760637,0.5390061473,0.1548317815,0.4887370403,0.1706054095,0.03521068298,0.6615440888,0.421292461,0.5191771482,0.6413004509,0.4647516269,0.524541505,0.3917948257,0.4893372177,0.4865680666,0.0679904619,0.8706043793,0.4490094659,0.3154960536,0.6976576315,0.1447991591,0.2485198778,0.3941272946,0.1584581234,0.1500987034,0.642558604,0.8187982827,0.7543706629,0.4403767661,0.5389720228,0.3587276115,0.4704668099,0.4753394293,0.2029506222,0.5649009041,0.2029885954,0.1612665158,0.3680608661,0.2633010519,0.3335342257,0.8566875108,0.2749986236,0.2904392174,0.7807040263,0.2200579319,0.4124812095,0.1848618722,0,0.7387250643,0.6140366072,0.3023154887,0.1395667682,0.0105679254,0.5081919215,0.1190269457,0.3933120871,0.2823730601,0.3307283058,0.3326376674,0.2208479882,0.6236301133,0.07256712036,0,0,0.4194416384,0,0.1236341665,0.1499617018,0.463703999,0.2852911456,0,0.1801235964,0.6267771487,0.2112890404,0.7219893591,0.2808409225,0.4209665497,0.829747193,0.3836898406,0.6323834327,0.5995716475,0.6060433872,0.2934796534,0.4235341889,0.4888119014,0.6047353837,0.3571891224
HCC2218,0.6963812253,0.3196976291,0.4694494695,0.4203547543,0.2999377942,0.3847341048,0.7938914791,0.5652191816,0.9301945073,0.3475149705,0.4634029284,0,0.448128379,0.6165113778,0.3795718733,0.5770937693,0.7293103837,0.739364106,0.5958250483,0,0.4399557865,0.4077018258,0.5863169891,0.5547767452,0.4499315575,0.4941877504,0.6849217414,0.6051257289,0,0.4074261111,0.5019922533,0.2251333825,0.5343591516,0.4027413006,0.5899151766,0.6795024279,0.5754073409,0.6105977171,0.2236736192,0.371085842,0.2019412121,0.399694957,0.6488524931,0.6350363681,0.04793301031,0.4276732199,0.3748675923,0.2997620107,0.3927367698,0.1144634101,0.6165348684,0.0136536349,0.3423687971,0.4152834149,0.4997680742,0.3706812981,0.5902927246,0.3556813107,0.3730143454,0.5672772798,0.2930745143,0.4418114541,0.223603206,0.2765305931,0.5193116487,0.6810152134,0.6237844524,0.5074439061,0.2607764121,0.4915372128,0.4891752818,0.2682897198,0.5548312181,0.4540250467,0.2812668804,0.5374625896,0.4121656662,0.3836590263,0.2923027129,0.3902068555,0.415044921,0.2815464057,0.228593992,0.4024757061,0.4155161326,0.3687566618,0.3221723871,0.4934851706,0.2363492823,0.6380471587,0.3317051716,0.1222487948,0.4228172922,0.3763098105,0.4037095776,0.4060261339,0.3575390581,0.4662281997,0.3497725224,0.3570461107,0.3635273576,0.3103173081,0.3812073935
HCC38,0.3162918267,0.6351314158,0.5928740894,0.4937188177,0.2739242341,0.6733852856,0.348607405,0.745549037,0.698802599,0.8161146435,0.2361929179,0.8229593025,0.2228999682,0.8044602646,0.297022943,0.7682820327,0.6136602558,0.6944450216,0.7600151953,0.4757766591,0.707516842,0.4797607406,0.7923318066,0.2412731728,0.4628948736,0.2899378957,0.6794034032,0.7658913441,1,0.5047213156,0.7424850317,0.3479979466,0.780443648,0.7763586625,0.1561963539,0.02099904987,0.03055258915,0.5479885476,0.6048202833,0.6716580034,0.2566379455,0.5134531775,0.8567694856,0.9224702236,0.6255430751,0.6979283541,0.4188172338,0.5456118846,0.4630901316,0.5611268218,0.8370338291,0.4159285886,0.3367771543,0.5247578573,0.6440647142,0.565574952,0.8390885731,0.6286367319,0.7726522382,0.4917503671,0.4152070302,0.2153052392,0.4031138803,0.5665630789,0.8634494019,0.7327269343,0.5112815169,0.6223735801,0.4696810047,0.5995148424,0.4968444684,0.2800418229,0.6440676118,0.6678938794,0.4395611862,0.7144801462,0.6812234114,0.4831619808,0.4866533062,0.7970614152,0.8111078888,0.3943259899,0.5134096123,0.6767347718,0.7786170413,0.2711250887,0.2526044432,0.3927449512,0.3086715874,0.4309956035,0.4019941615,0.2162673938,0.6073556226,0.3823232258,0.5728055206,0.243613738,0.2380914397,0.8343293572,0.6201454084,0.4517812845,0.6237286914,0.3049064896,0.7001892725
HCC70,0.5831934761,0.4227578214,0.2035973988,0.6185403609,0.6510903588,0.3790431429,0.680042759,0.4824885063,0.5770274896,0.3136086983,0.1206143379,0.6575164775,0.1501586232,0.498357822,0.4930246719,0.6424549175,0.5287804157,0.623120406,0.1621035364,0.2562019752,0.5357649869,0.2073168586,0.5798705194,0.4456497462,0.6798801068,0.36582205,0.3003859105,0.3553147119,0.4601358285,0.5863659983,0.6160971879,0.5531808315,0.4803405736,0.4059018478,0.3573564154,0.6158635323,0,0.4082284283,0.4876475946,0.1578608967,0.1810195761,0.4742517154,0.5981504869,0.7960384196,0.2583461972,0.718612159,0.4323720231,0.200529648,0.198437661,0.5774546053,0.2444700487,0.4520166978,0.3591176127,0.3922391148,0.3996822929,0.2653179822,0.5421093697,0.1895938716,0.1210530131,0.6386097263,0.2889870832,0.1534450833,0.1236127168,0.2315023158,0.5738053101,0.5669469274,0.7471741916,0.2989925933,0.09871587081,0.4395538489,0.2210255533,0.1391840398,0.2640770693,0.4738683377,0.5334800791,0.2457531125,0.3804249902,0.2803732419,0.1461603886,0.3209519281,0.6207192494,0.2080807655,0.3113541579,0.5159771178,0.4999992663,0.5344089651,0.3961170322,0.8698981758,0.3416874203,0.7450920824,0.4854004942,0.3119634392,0.4031539807,0.1283033497,0.1646532127,0.2290619537,0.6230678954,0.5189137317,0.3656600326,0.4829704491,0.4168829095,0.4418238369,0.3275854975
HDQ-P1,0.4127005948,0.4112733405,0.7090605229,0.5667531346,0.5180305968,0,0.3026633703,0.7397785795,0.3799437458,0.3737702914,0.3950443925,0.4468773533,0.1407458756,0.4809065175,0.3909975642,0.7060283889,0.636484704,0.4785088988,0.5962425627,0.393121162,0.2446107259,0,0.5257057122,0.4680474764,0,0.4650041454,0.3151046685,0.623078507,0.4795623565,0.585456688,0.3857182903,0.05237193472,0.4617074004,0,0.1936800556,0.466579278,0.1605963715,0.3920879479,0.4629694773,0.1441188327,0.273787567,0.5146580659,0.4176618116,0.6897907252,0.3171016813,0.1125594903,0.3737169711,0.2464920479,0.4378729442,0,0.4545259667,0.1972684345,0.2158724369,0.3553057041,0.2375475099,0.2909723429,0.588474062,0.4898086757,0.5911039815,0.6035560373,0.05870027066,0.3800965428,0.2597669094,0.09378578624,0.7613647695,0.6563434381,0.3746887994,0.420542884,0.5076859818,0,0.3977442609,0.1280738527,0.3856984982,0,0.2170150262,0.4717176774,0.5447611613,0.08660512409,0.5391412457,0.4878358533,0.3301103976,0.4857391523,0.04899647328,0,0.292356381,0.3986681232,0.0155189684,0.5450966658,0.2973340053,0.07542348339,0.3548650938,0.06192052868,0.5304409553,0.7113288185,0.6922204683,0.7193434362,0.4775430039,0.2920964599,0,0,0.3530113877,0.4944349386,0.1369309694
MCF7,0.4318027504,0.4572129038,0.5284547033,0.738511271,0.523557785,0.6933914749,0.5126555923,0.4563047378,0.4124272748,0.6730527346,0.5068162778,0.8097319141,0.3860775677,0.8236141727,0.3501087835,0.2780339549,0.9843127446,0.7314070487,0.4859367691,0.2754398801,0.8072532967,0.1088508621,0.8670612403,0.1686151125,0.8222427451,0.3457451921,1,0.1927832212,0.2311371319,0.7706265404,0.6435751173,0.6120033436,0.6698284496,0.7458521558,0.7375842301,0.3627049728,0.2819402489,0.1831758461,0.2069747481,0.6281263993,0.3696085611,0.6028520717,0.8073896803,0.7206924574,0.4505788785,0.2731509758,0.4938131176,0.4366474097,0.3557389702,0.7967398916,0.4851690051,0.4157673732,0.3350046673,0.2874416447,0.3930286081,0.5699100606,0.8644895091,0.6366811651,0.4560659125,0.5941979071,0.3343405814,0.2876028162,0.2745600931,0.2172220132,0.7858385467,0.6621216793,0.7914757188,0.5610812138,0.2842802961,0.712096742,0.6055126258,0.3986671202,0.5708746313,0.6404360906,0.6115251526,0.5307372954,0,0.5475707331,0.5835861871,0.7616788117,0.5274610963,0.6236653703,0.4069595044,0.6073949327,0.1858294793,0.5733920001,0.2673846442,0.1868269766,0.4819930228,0.7680977644,0.762586835,0.1746099967,0.451578931,0.7494417436,0.5871089068,0.7481868778,0.4013178315,0.5941227172,0.4387817584,0.4503705672,0.5118724656,0.6045770421,0.29983254
MDA-MB-157,0.4933984814,0.2007640314,0.6740409946,0.7300991307,0.3620508023,0.5901977888,0.5304714055,0.5544641632,0.9574127273,0.443193103,0.06633292432,0.8279162599,0.2667884697,0.8023305127,0.256203203,0.5768093662,0.6024187937,0.5041707437,0.7853655984,0.3166063867,0.5965140607,0.470317144,0.737670787,0.1262000186,0.6635687265,0.4385812373,0.5413207459,0.8230452898,0.4143164696,0.6257488541,0.7043902338,0.4537300574,0.479659677,0.609183667,0.2301346901,0.172788647,0.1801280017,0.5970709979,0.6618234422,0.5051421059,0.2557915411,0.6532392268,0.6796877456,0.8730657815,0.4045155115,0.5141845323,0.4445028064,0.2600210814,0.2550129278,0.441093222,0.7892899715,0.5671659008,0.3689475304,0.5426435712,0.6755969987,0.4817324439,0.7324209122,0.5291872629,0.1831755189,0.6223964308,0.2690527818,0.3589791502,0.2505249231,0.3714710013,0.1779511063,0.6592985766,0.8329229163,0.5943155042,0.5676395912,0.6359359779,0.593948862,0,0.7375817703,0.6831590617,0.5083573162,0.6884011846,0.3587563224,0.5267264301,0.206933963,0.2536160025,0.4585421674,0.3985520139,0.2221698728,0.6267911677,0.6646394882,0.5597049912,0.3366346305,0.5395137316,0.353542733,0.838055665,0.4319796765,0.1712880816,0.5143005989,0.5549696301,0.4686503223,0.1495067322,0.5092741022,0.6492126733,0.5368946898,0.6683268055,0.618192765,0.1591271822,0.4911445781
MDA-MB-231,0.2982161534,0.2604132019,0.3661246474,0.3667943382,0.7147343474,0.5028999618,0.441729627,0.3553094962,0.3527648354,0.3708864491,0.3236903526,0.595534603,0.02674815532,0.7653640385,0.1041531321,0.6311233883,0.4452344669,0.41884592,0.6342766137,0.108075318,0.3044261814,0.3984681395,0.5089944406,0.2720325062,0.3228184652,0.3788809264,0.2742957588,0.3796105621,0.2538643682,0.4255569653,0.6228505679,0.3985838186,0.5298910461,0.5311268606,0.2112431142,0.3872040675,0.1185383857,0.4711210076,0.6153923035,0.3153136264,0.3089152217,0.4900743474,0.4518595479,0.7074539415,0.1998582779,0.6287230963,0.2480922856,0.3993434947,0.3875075197,0.5541267329,0.6990315088,0.4034465284,0.1775053458,0.5245201304,0.5739614858,0.2961751915,0.46353582,0.3596329811,0.4648832362,0.492760544,0.1537953494,0.2630558541,0.1077826364,0.4371459475,0.5864604204,0.65893065,0.6022600908,0.6374121677,0.2326399128,0.5288354476,0.6857365235,0.3884000081,0.6966097643,0.5560214809,0.3490519823,0.7047117955,0.3543736731,0.2744402691,0.3213536562,0.1871048202,0.1651812393,0.2402224261,0.2347797113,0.5801569762,0.4767245406,0.2653447531,0.417006979,0.2069115504,0.1504330278,0.5930851123,0.3007389242,0.2152051171,0.5511766081,0.314764069,0.4987685904,0.5195976813,0.3754781161,0.3857496608,0.3340925451,0.4326070537,0.1954294699,0.251574772,0.2685129106
MDA-MB-330,0.816270472,0.3196976291,0.7208937277,0.4203547543,0.357631923,0.3847341048,0,0.5981068363,0.4298400298,0.8334702468,0.5631162071,0.2173204032,0.1556612173,0.6620963246,0.300362646,0.7599378992,0.7664023165,0.6885910626,0.459965176,0.3894917573,0.4399557865,0.2654290867,0.782787711,0.6021916278,0.4499315575,0.432659751,0.8397117489,0.6051257289,0.465146139,0.7433533701,0.6254300239,0.2251333825,0.4591141452,0.4027413006,0.4407421018,0.7616278042,0.6263300749,0.4676954918,0.4279686848,0.4237304811,0.2019412121,0.399694957,0.7829186744,0.689466758,0.5751904104,0.453266525,0.3748675923,0.2997620107,0.3927367698,0.2016448545,0.3207420968,0.2593795532,0.2138480562,0.01621282531,0.1840954635,0.2800707601,0.6398665973,0.2481545367,0.4434229695,0.5672772798,0.6421255508,0.7063458663,0.223603206,0.2765305931,0.5193116487,0.5261005141,0.6237844524,0.5074439061,0.2607764121,0.4915372128,0.4891752818,0.2682897198,0.5548312181,0.4540250467,0.2812668804,0.5374625896,0.4121656662,0.3836590263,0.2923027129,0.3902068555,0.415044921,0.2815464057,0.228593992,0.4024757061,0.4155161326,0.3687566618,0.3221723871,0.4934851706,0.2363492823,0.6380471587,0.3317051716,0.1222487948,0.4228172922,0.3763098105,0.4037095776,0.4060261339,0.3575390581,0.4662281997,0.3497725224,0.3570461107,0.3635273576,0.3103173081,0.3812073935
MDA-MB-361,0.4520471405,0,0.5818368386,0.5873365209,0.07829829588,0.3897507777,0.5458999068,0.4111246251,0.7633210539,0.407580596,0.2361084423,0.5263635455,0.2701307986,0.7314677002,0.5290866583,0.6436037475,0.5806928352,0.6221269556,0.3121400827,0.1081094416,0.315477133,0.1116415079,0.6875757537,0.5472838279,0.5072189055,0.4673755114,0.3371095084,0.4898408709,0.3371407262,0.5476989526,0.6083788523,0.5112307044,0.5119097373,0.3798228824,0.2515527578,0.568311731,0.4368905236,0.2508331995,0.1261770428,0.2143735395,0.05374342753,0.6899452426,0.6692152121,0.8006135277,0.1719597147,0.4263386223,0.6514729758,0.3133575851,0.4034572642,0.2462698419,0.3686056716,0.4186599762,0.09502297771,0,0.01930371091,0.229060863,0.7370220979,0.1179053874,0.3188597536,0.5754015982,0.3759596982,0.5385240081,0.2869861497,0.07100579137,0.5883022291,0.5409067095,0.7268180397,0.4064515068,0.4563470491,0.3867582601,0.4220236838,0.109518078,0.4441865122,0.3505381673,0.5017729774,0.3636070366,0.3083379449,0.07022766839,0.3994734473,0.3701863948,0.633143602,0.359419609,0.3447010804,0.1574320181,0.2544833776,0.578109255,0.484306401,0.8683770192,0.5547894282,0.8174582681,0.4409263622,0.1892302294,0.3601812415,0.6080552445,0.5286377853,0.03295369616,0,0.6477881505,0.4436340692,0.3612692393,0.264833823,0,0.3786408769
MDA-MB-415,0.6377726063,0.2412396854,0.5590535526,0.5480091764,0.1261090446,0.3308649393,0.3463754764,0.5778782345,0.4736366149,0.365275019,0.5386837309,0.6679037613,0.2987487967,0.6043273636,0.5226580501,0.4795614145,0.5557244688,0.5741768416,0.09492505754,0.2651671214,0,0.144376467,0.6409595041,0.4603114941,0.4832971173,0.2316486699,0.5201062904,0.1721899042,0.3628473324,0.560612182,0.4419920926,0.6499911785,0.4285398006,0.4764524527,0.5998475495,0.6585010273,0.5103074435,0.3304946804,0.05040451826,0.1577654362,0.1227509966,0.5098000285,0.6070196908,0.7107978175,0.05792525304,0.5968191564,0.4838732909,0.2009193534,0.6038548724,0.5197743278,0.1592869165,0.3668270055,0.3151327664,0.4907972275,0.4243034323,0.2993425385,0.6196666216,0.5297550146,0.3050678504,0.3750961089,0.3154971679,0.4871006613,0.3516181218,0.2969252296,0.6380903817,0.5032237919,0.4739501878,0.1626029626,0.1241588077,0.4876749004,0.1361956389,0.3372198286,0.072781652,0.3804943613,0.20675646,0.0779267041,0.2183528173,0.04832658868,0.2208118102,0.1528250603,0.4838839336,0.09532315155,0.2751857991,0.2658525679,0.4949341734,0.2075419264,0.3702751398,0.5550682816,0.3473828668,0.4271497768,0.5248574011,0.1846994345,0.1355958554,0.06445354459,0.1260635518,0.5742475406,0.3236990375,0.4393368781,0.3646429543,0.306177267,0.2733408015,0.5024481552,0.05650902927
MDA-MB-436,0.3700310857,0.5062488347,0.4731136983,0.7964544374,0.6356561601,0.6607439206,0.6812089038,0.8468348721,0.6498357196,0.5627497461,0.5428538958,0.9005757747,0.3843971204,0.8211461786,0.3110082975,0.8128403022,0.8214232642,0.7119384111,0.781790494,0.438923875,0.8558143801,0.3851340392,0.7779471336,0.3852306353,0.777860489,0.4237739834,0.8768588628,0.6886582703,0.419170695,0.5857051816,0.5770786774,0.6481019393,0.692433798,0.6777779858,0.4132603844,0.3953802996,0.1212168807,0.6062736157,0.2738699706,0.6111078316,0.4850426707,0.5331529984,0.6680110349,0.7679257512,0.2321087846,0.5106277121,0.5417603614,0.505359821,0.6021471078,0.7030015245,0.7476709028,0.6999340783,0.4857916172,0.5885399531,0.5798235461,0.5297414068,0.7201137703,0.689061224,0.2048255532,0.8399377188,0.5052154215,0.2857507426,0.3535612942,0.5857710772,0.3052836343,0.7337718892,0.8670010231,0.594443646,0.275503164,0.5031448688,0.621516014,0.4897721024,0.5914073976,0.5897226048,0.7007069072,0.720490601,0.5640206895,0.6513531855,0.3274313992,0.5371971318,0.3395840156,0.5714394961,0.5827114776,0.6698421969,0.7044842336,0.4454676681,0.4258802768,0.2043529199,0.2571540114,0.7540816541,0.5590311166,0.4923492916,0.5825210541,0.2458002789,0.5890132984,0.5169908888,0.4756136706,0.6134182752,0.5586504329,0.7949213762,0.5079270234,0.6523126762,0.6400941099
MDA-MB-453,0.3240023345,0.2658343632,0.4631575803,0.4254639616,0.4370581455,0.181371944,0.6103686633,0.0522527114,0.4223816817,0.645599503,0.2265186625,0.567378381,0.3385639101,0.6897650121,0.196988227,0.6707751223,0.300045194,0.6403242362,0.09986752158,0.04822103524,0.09421822994,0.1304709504,0.6540990113,0.1684308508,0.6719189748,0.2365892368,0.4714941999,0.08790698502,0.2289342914,0.3888875887,0.3828073191,0.6164646141,0.1346389421,0.5113062173,0.3011240059,0.4499391556,0.2620978552,0.1820342177,0.205218987,0.272285118,0.2869279508,0.6981762566,0.6671810192,0.6436817572,0.466075607,0.3356744677,0.4368825131,0.3996877527,0.5353516067,0.351997569,0.2765013148,0.1939635826,0.0966263927,0.04861760726,0.07891344754,0.1149334134,0.6162063188,0.2671941693,0.00218660866,0.5352984749,0.4464693117,0.4445810986,0.516525411,0.2406720456,0.02842589324,0.6814116164,1,0.3137884258,0.4119440033,0.6326721159,0.3729594032,0.2242414208,0.5430089364,0.3967040527,0.3922421389,0.3663653962,0.5897899589,0.3748626661,0.4215112416,0.2591185644,0.2016092477,0.3439973656,0.4208296835,0.1378535457,0.6144229194,0.2391200974,0.6834356545,0.3283541986,0.4929551733,0.8821434751,0.6723926715,0.3263285251,0.2389196234,0.3404123155,0.5163015921,0.4657776326,0.2632889277,0.3980788166,0.4562208049,0.3703197184,0.257580516,0.3867860692,0.1993757443
MDA-MB-468,0.2585298735,0.1781265138,0,0.667090499,0,0.1497979401,0.5142688491,0.4936792972,0.2590735466,0.1697838293,0.3107644634,0.4855676871,0.1326467197,0.462809499,0.2397485782,0.4924499791,0.7045243576,0,0.539738169,0.3521435653,0.2401646727,0.3206122704,0.6403929177,0.3595801775,0.5624336294,0.134667083,0.0557632521,0.2684047518,0.1471284801,0.3058836725,0.2546043898,0.2850635265,0.1833742185,0.2522061009,0.279227165,0.1736157515,0.04064756544,0.1525814677,0.1735157559,0.2291579582,0.1223252954,0.451057706,0.5642072084,0.6197165716,0.1137909915,0.2812584543,0.3322212354,0.1422883455,0.3422620742,0.2046588343,0.5303956385,0.2519180375,0.2551466087,0.5035148007,0.5132520182,0.3401969559,0.6216478026,0.4002980392,0.02840878769,0.6812948478,0.2211868632,0.2331990976,0.4638931011,0.3135191595,0.02744760695,0.5214768539,0.6740395796,0.4102413222,0.01342476915,0.2171772562,0.4599242574,0.2204079993,0.4576127221,0.2847034477,0.2388059389,0.4812123944,0.4528097294,0.3538841897,0.2282587547,0.3071583423,0.3553443934,0.2954814551,0.4180108203,0.2520430042,0.5058900354,0.1943226729,0.3422230123,0.1807372046,0.1396133814,0.5739999789,0.4924737452,0.1248149466,0.2231326851,0.2989553761,0.4225506714,0.4878707517,0.3628312954,0.4731048207,0.2987577088,0.1170412412,0.1861507352,0.4389051808,0.3073765337
MFM-223,0.905270853,0.3810528961,0.9027489797,0.843277234,0.4574351043,0.8015982004,0.5266970889,0.6192003949,0.5727518336,0.85726533,0.3653712769,0.7538674331,0.2465381084,0.736994203,0.2883049617,0.8579661469,0,0.2219292549,0.3364879018,0.2793376628,0.4508472723,0.3309749157,0.8848944286,0.6864118978,0.7241688223,0.3895486827,0.3438161026,0.9909605113,0.2409796647,0.9510216824,1,0.2318016693,0.5259675363,0.7860271378,0.2386475822,0.7172127312,0.04313682696,0.6054502977,0.5200688565,0.8039976962,0.3912243588,0.8218213853,0.5855337171,0.7595671545,0.5982893293,0.7765762147,0.7843985743,0.6986951786,0.590196153,0.8541748549,0.3235294462,0.5782788371,0.4879336362,0.384910689,0.320514557,0.7599477632,0.6916508317,0.8311110035,0.5311621105,0,0.3976001296,0.1338501079,0.5382127843,0.4622941255,0.7546684945,0.7145987151,0.6854729977,0.2609932461,0.6649614736,0.651797924,0.2695753476,0.3062238228,0.7115613391,0.7304085359,0,0.3154942311,0.6911325467,0.3543657005,0.6176828239,1,0.4316768147,0.8625479645,0.5575902894,0.8928544821,1,0.5847799317,0.4013302666,0.6575429429,0.6029180731,0.6293273422,0.5984674577,0.02685851163,0.7547404157,0.6365103025,0.8710931382,0.6159538741,0.49614049,0.5381819692,0.4151733398,0.295696794,0.3400431885,0.2678715171,0.4993106855
OCUB-M,0.329689119,0.1463082276,0.2704090544,0.5648363512,0.08235549672,0.3736728567,0.4394735985,0.2757835848,0.252491861,0.2437459854,0.3888231606,0.2925760792,0.2615021553,0.550240428,0.2607803478,0.5405606203,0.5562920397,0.4105621821,0.02309280384,0.3172767168,0.0003588276702,0.1322355056,0.6102994244,0.4100372984,0.6577782242,0,0.330435831,0.1904156473,0.02415446425,0.5360614433,0.5879267686,0.6847686862,0.4436830656,0.4622293373,0.2780099216,0.5051253921,0.1237420966,0.2754225707,0.1196098548,0.1134821135,0.2349967832,0.4747526186,0.6827672107,0.5763869418,0.04411950646,0.330369258,0.3348551245,0.08073948734,0.5782234027,0.1546014095,0.02768642149,0.1942393892,0.1359802209,0.02569889641,0.009939026834,0.2574252352,0.6175841921,0.2846951774,0,0.5802765791,0.1669233207,0.1614731156,0.1690118985,0.1352589569,0.6749460424,0.4881896444,0.6077227432,0.04176318789,0.01368661496,0.3069249257,0.07085541747,0.4144319442,0.606323533,0.07052383417,0.4208598522,0.08547974583,0.2277522082,0,0.1119868997,0.1421544494,0.4170424754,0.0868279251,0.5318508667,0.4236830827,0.4075467683,0,0.3354867401,0.521121726,0.08956246947,0.4980681734,0.354990712,0.2360920937,0.3429441897,0.3568740979,0.3661083811,0.4651940038,0.2600895986,0.4774935097,0.141855536,0.4911611493,0.2248969399,0.2587523327,0.2049833879
T47D,0.4584870428,0.5282097613,0.6986998982,0.7543038827,0.4440424805,0.5772393536,0.551265031,0.4645027686,0.3929465206,0.4981582861,0.5886163419,0.6216515104,0.2945881252,0.6361482098,0.4467231412,0.4833570131,0.5025634239,0.6002135528,0.4291263813,0.2191484456,0.3877876697,0.215599801,0.800919232,0.4010651092,0.5228080506,0.3864125121,0.341517098,0.6927131431,0.5954353,0.4919316296,0.5944123964,0.3023736835,0.1216150198,0.4407689598,0.4215899608,0.6793181142,0.2258920204,0.1767799941,0.02106189094,0.3995975766,0.3898266795,0.5791941722,0.6989106894,0.6741641573,0.3638413033,0.3684493545,0.3829728162,0.4194103571,0.5784387068,0.473930212,0.7147498402,0.4598094101,0.442561133,0.2053174899,0.3453667235,0.4049032101,0.6664286845,0.4586503798,0.2650155359,0.5955553957,0.2546504621,0.3687476706,0.3622085429,0.1037364581,0.6780618584,0.556961474,0.7470645077,0.3752017909,0.2547694155,0.431650789,0.4081093071,0.4776696626,0.4331044447,0.3839629168,0.2154496827,0.3180465454,0.1305314271,0.1404796984,0.3756654841,0.6937892499,0.6156408591,0.545111057,0.2356892664,0.1261979117,0.3675951448,0.2888181031,0.1521644387,0.5781366378,0.1505226311,0.6546230352,0.683121913,0.3170344489,0.4225766609,0.5751773469,0.4617522574,0.6777022725,0.4149940235,0.5773219192,0.5070884507,0.4576820045,0.3856163135,0.5432409943,0.5541230411
UACC-812,0.2413601982,0.5245033257,0.3403756328,0.8613995861,0.2123070179,0.5236296938,0.548489371,0.520420017,1,0.5473591684,0.6663976213,0.5632521292,0.3508209647,0.6100272156,0.2628698945,0.3306144722,0.5720644077,0.4105621821,0.3640378092,0.2939316758,0.6152058272,0.1893073184,0.8029105136,0.076208647,0.5632332848,0.2433657476,0.542689087,0.7539941582,0.2896809835,0.4418293993,0.3717113769,0.8834918613,0.7630339999,0.9222214962,0.531216339,0.570668108,0.3746587752,0.4782684841,0.1530390497,0.6492702453,0.4840040948,0.3059106326,0.7424301937,0.7996996219,0.5015355144,0.9974182331,0.4462927018,0.4610811678,0.5647265343,0.1754990289,0.8218919443,0.2334054547,0.2707059853,0.3191039543,0.3525562641,0.5861413966,0.8869694839,0.4265275948,0.3872449886,0.9097865345,0.4703011859,0.351215292,0.3172624052,0.415488829,0.7282543349,0.7344261562,0.9268158159,0.4844197319,0.3270391116,0.738091718,0.5206590209,0.4684540311,0.4695969233,0.1916053588,0.3011370579,0.5507328254,0.6068254286,0.3580365509,0.7729922127,0.7387428843,0.7618748624,0.4306088783,0.4185357121,0.4388958901,0.890442358,0.3360587604,0.4371721126,0.3657037392,0.7900230344,0.9939402718,0.9077272995,0.2898444218,0.68094139,0.8187369889,0.7213903202,0.7668247541,0.4738348331,0.7092902768,0.6337662914,0.4906943648,0.7144514677,0.7016486917,0.3396054966
UACC-893,0.5047792092,0.3196976291,0.3105203378,0.4203547543,0.1560585327,0.3847341048,0.6153530325,0.4408973998,0.3595122532,0.3253550611,0.4619518633,0.07762384117,0.3119046055,0.6165113778,0.5987723223,0.5967646442,0.6143247478,0.8578614004,0.07596111403,0.2399746378,0.4399557865,0.09763616819,0.5863169891,0.5134670542,0.4499315575,0.4874912876,0.8582477004,0.6051257289,0.1274466233,0.4074261111,0.5019922533,0.2251333825,0.5343591516,0.4027413006,0.5433865163,0.7545937598,0.6459491731,0.4289415192,0.250245103,0.371085842,0.2019412121,0.399694957,0.4741831675,0.8273565437,0.3396771737,0.5657626386,0.3748675923,0.2997620107,0.3927367698,0.02632781018,0.2048930839,0.01513633372,0.2270049479,0.05215761383,0,0.3706812981,0.5299665127,0.3698084105,0.09493676935,0.5672772798,0.2930745143,0.8125823504,0.223603206,0.2765305931,0.3508455844,0.6671323392,0.6237844524,0.5074439061,0.2607764121,0.4915372128,0.4891752818,0.2682897198,0.5548312181,0.4540250467,0.2812668804,0.5374625896,0.4121656662,0.3836590263,0.2923027129,0.3902068555,0.415044921,0.2815464057,0.228593992,0.4024757061,0.4155161326,0.3687566618,0.3221723871,0.4934851706,0.2363492823,0.6380471587,0.3317051716,0.3047375788,0.5228024689,0.2373118347,0.5743011222,0.241179673,0.3575390581,0.4662281997,0.3497725224,0.3570461107,0.3635273576,0.3103173081,0.3812073935
ZR-75-30,0.8885553293,0.9607079413,0.9690183549,0.8735379428,0.8637162529,0.8113153527,1,1,0.3404801021,0.7681938544,1,0.2729016766,0.638322012,0.7396329625,1,0.6953161444,0.9332713877,1,0.5937630216,0.5459491988,0.9676992385,0.5168777613,0.9354819853,0.7636034963,0.6928840528,0.8169035969,0.8157267375,0.7641582868,0.287159555,1,0.8204476844,1,0.9351343674,0.9144067115,1,0.7465494291,1,0.5752049254,0.9514348407,0.7001911338,0.7352377473,0.8195926298,0.9341890771,0.9332447675,0.5068505536,0.7301319728,0.8691238982,0.5857686626,0.9057007615,0.1710128834,0.6333483429,0.0991315839,0.6041052594,0.3712406995,0.5261031489,0.5212376023,1,0.795373088,0.2897237557,1,0.7372235399,0.8240319963,0.9748541776,0.731616422,1,0.8692115482,0.8547744525,0.618056262,0.7778316493,0.7653826442,0.6108284639,0.75090426,0.6589257648,0.1437232906,1,0.7472541156,0.7242486416,0.6667128061,0.8196453031,0.8056359008,0.9880668583,0.597259158,0.5882252712,0.8581005317,0.9256121034,0.9584442216,1,1,0.7644916378,1,0.7988401992,0.4517825905,0.7085675078,0.7825867694,0.8028860691,0.8162744212,0.9163943927,0.6360500212,0.7478291442,0.9228928783,0.6772183713,0.8491130446,0.5174522936